{"cameraMode":{"drawMode":0,"name":"Shaded","section":"Shading Mode"},"sceneLighting":false,"audioPlay":false,"sceneViewState":{"showFog":true,"showMaterialUpdate":true,"showSkybox":false,"showFlares":true,"showImageEffects":true,"showParticleSystems":true},"in2DMode":false,"pivot":{"x":246.50811767578126,"y":44.27473449707031,"z":829.7942504882813},"rotation":{"x":-0.14189191162586213,"y":0.7711762189865112,"z":-0.18449464440345765,"w":-0.5925848484039307},"size":104.85244750976563,"orthographic":true}