{"cameraMode":{"drawMode":0,"name":"Shaded","section":"Shading Mode"},"sceneLighting":true,"audioPlay":false,"sceneViewState":{"showFog":true,"showMaterialUpdate":true,"showSkybox":true,"showFlares":true,"showImageEffects":true,"showParticleSystems":true},"in2DMode":false,"pivot":{"x":163.9638671875,"y":63.34271240234375,"z":794.96826171875},"rotation":{"x":-0.16303572058677674,"y":0.24243374168872834,"z":-0.04095892608165741,"w":-0.9555325508117676},"size":244.0598602294922,"orthographic":true}