{"cameraMode":{"drawMode":0,"name":"Shaded","section":"Shading Mode"},"sceneLighting":true,"audioPlay":false,"sceneViewState":{"showFog":true,"showMaterialUpdate":true,"showSkybox":true,"showFlares":true,"showImageEffects":true,"showParticleSystems":true},"in2DMode":false,"pivot":{"x":210.77667236328126,"y":64.17034912109375,"z":809.7189331054688},"rotation":{"x":-0.4258355498313904,"y":0.24545417726039887,"z":-0.12040110677480698,"w":-0.862554669380188},"size":232.7415313720703,"orthographic":true}