{"cameraMode":{"drawMode":0,"name":"Shaded","section":"Shading Mode"},"sceneLighting":true,"audioPlay":false,"sceneViewState":{"showFog":true,"showMaterialUpdate":true,"showSkybox":true,"showFlares":true,"showImageEffects":true,"showParticleSystems":true},"in2DMode":false,"pivot":{"x":638.9000244140625,"y":342.87139892578127,"z":336.0},"rotation":{"x":-0.25580719113349917,"y":-0.2458542287349701,"z":0.06811431050300598,"w":-0.9325239658355713},"size":1446.70361328125,"orthographic":true}