{"cameraMode":{"drawMode":0,"name":"Shaded","section":"Shading Mode"},"sceneLighting":true,"audioPlay":false,"sceneViewState":{"showFog":true,"showMaterialUpdate":true,"showSkybox":true,"showFlares":true,"showImageEffects":true,"showParticleSystems":true},"in2DMode":false,"pivot":{"x":352.8760681152344,"y":-2.802220582962036,"z":865.9562377929688},"rotation":{"x":0.05234559252858162,"y":0.2847026586532593,"z":-0.016482017934322358,"w":0.9570927023887634},"size":86.40139770507813,"orthographic":true}