{"cameraMode":{"drawMode":0,"name":"Shaded","section":"Shading Mode"},"sceneLighting":true,"audioPlay":false,"sceneViewState":{"showFog":true,"showMaterialUpdate":true,"showSkybox":true,"showFlares":true,"showImageEffects":true,"showParticleSystems":true},"in2DMode":false,"pivot":{"x":168.83428955078126,"y":39.6082763671875,"z":849.7396850585938},"rotation":{"x":-0.10193174332380295,"y":0.5027706623077393,"z":-0.05871673300862312,"w":-0.8564392924308777},"size":111.0372085571289,"orthographic":true}