{"cameraMode":{"drawMode":0,"name":"Shaded","section":"Shading Mode"},"sceneLighting":true,"audioPlay":false,"sceneViewState":{"showFog":true,"showMaterialUpdate":true,"showSkybox":true,"showFlares":true,"showImageEffects":true,"showParticleSystems":true},"in2DMode":false,"pivot":{"x":319.7207946777344,"y":54.6511116027832,"z":767.7166137695313},"rotation":{"x":0.23978544771671296,"y":-0.6072455048561096,"z":0.19891957938671113,"w":0.730949878692627},"size":1408.1502685546875,"orthographic":false}