{"cameraMode":{"drawMode":0,"name":"Shaded","section":"Shading Mode"},"sceneLighting":false,"audioPlay":false,"sceneViewState":{"showFog":true,"showMaterialUpdate":true,"showSkybox":false,"showFlares":true,"showImageEffects":true,"showParticleSystems":true},"in2DMode":false,"pivot":{"x":0.2021627277135849,"y":0.2974945902824402,"z":-0.004114469513297081},"rotation":{"x":-0.01668080873787403,"y":-0.9668402671813965,"z":0.06567762792110443,"w":-0.24635502696037293},"size":6.897050380706787,"orthographic":false}