{"cameraMode":{"drawMode":0,"name":"Shaded","section":"Shading Mode"},"sceneLighting":true,"audioPlay":false,"sceneViewState":{"showFog":true,"showMaterialUpdate":true,"showSkybox":true,"showFlares":true,"showImageEffects":true,"showParticleSystems":true},"in2DMode":false,"pivot":{"x":522.1427001953125,"y":370.0714111328125,"z":608.7036743164063},"rotation":{"x":-0.041446734219789508,"y":-0.8292372822761536,"z":0.5538987517356873,"w":-0.06206796318292618},"size":929.007080078125,"orthographic":true}