{"cameraMode":{"drawMode":0,"name":"Shaded","section":"Shading Mode"},"sceneLighting":true,"audioPlay":false,"sceneViewState":{"showFog":true,"showMaterialUpdate":true,"showSkybox":true,"showFlares":true,"showImageEffects":true,"showParticleSystems":true},"in2DMode":false,"pivot":{"x":265.7066650390625,"y":67.8578109741211,"z":839.9491577148438},"rotation":{"x":-0.015733616426587106,"y":-0.9584897756576538,"z":0.2795889973640442,"w":-0.05460420250892639},"size":382.815185546875,"orthographic":false}