{"cameraMode":{"drawMode":0,"name":"Shaded","section":"Shading Mode"},"sceneLighting":true,"audioPlay":false,"sceneViewState":{"showFog":true,"showMaterialUpdate":false,"showSkybox":true,"showFlares":true,"showImageEffects":true,"showParticleSystems":true},"in2DMode":false,"pivot":{"x":124.137939453125,"y":128.3038330078125,"z":339.9302673339844},"rotation":{"x":-0.14326666295528413,"y":0.6729980111122131,"z":-0.13523530960083009,"w":-0.7129234671592712},"size":1215.14501953125,"orthographic":false}